<?xml version='1.0' encoding='utf-8'?>
<productos><producto><nombre>Factura electricidad hogar</nombre><precio_venta>80.00</precio_venta><tipo_iva>0.21</tipo_iva><impuesto_valor>20.89</impuesto_valor><precio_total>100.89</precio_total><es_ingreso>False</es_ingreso><impuesto_electricidad>True</impuesto_electricidad><fecha_creacion>2025-11-15T23:48:17.682289+00:00</fecha_creacion></producto><producto><nombre>Prueba</nombre><precio_venta>223.00</precio_venta><tipo_iva>0.21</tipo_iva><impuesto_valor>58.23</impuesto_valor><precio_total>281.23</precio_total><es_ingreso>False</es_ingreso><impuesto_electricidad>True</impuesto_electricidad><fecha_creacion>2025-11-15T23:50:39.663903+00:00</fecha_creacion></producto></productos>